{"Mean KL Divergence":0.0020639209639436253,"SB3 Clip Fraction":0.022976666145647567,"_wandb":{"runtime":10500},"PPO Batch Consumption Time":0.4834648370742798,"Value Function Loss":0.025113296850274008,"_timestamp":1.733970173681268e+09,"Overall Steps per Second":6657.390482579645,"Value Function Update Magnitude":0.3769838213920593,"Policy Reward":0.2911333572425011,"Policy Update Magnitude":0.5659326314926147,"Collected Steps per Second":14120.578643406165,"z_vel":12.128711239139081,"Timesteps Collected":50028,"Timestep Consumption Time":3.971741800000018,"Policy Entropy":4.312150319417317,"y_vel":388.016138054812,"Cumulative Timesteps":69673344,"x_vel":-3.4932253443150962,"_step":2785,"Timestep Collection Time":3.5429143000001204,"Cumulative Model Updates":8352,"Total Iteration Time":7.514656100000138,"_runtime":10499.8504983}